,Topic,Count,Name
0,-1,22202,-1_amp_aecom_design_building
1,0,5108,0_aecom_engineer_united states_company
2,1,3964,1_thanks_sponsors_congratulations_amp
3,2,1373,2_el_una_es_oferta
4,3,993,3_women_womens_women engineering_engineering day
5,4,934,4_acm_earnings_acm aecom_aecom acm
6,5,878,5_transit_transport_bus_transportation
7,6,585,6_covid19_pandemic_coronavirus_facility
8,7,544,7_flood_water webinar_webinar_river
9,8,443,8_carbon_emissions_net zero_zero carbon
10,9,415,9_jails_billions_billions dollars_new jails
11,10,411,10_electionhelp_electionhelp pressure_democratic electionhelp_overturn democratic
12,11,373,11_infrastructure_economic_impact_social impact
13,12,362,12_webinar_join webinar_upcoming webinar_register webinar
14,13,361,13_indonesia_pembangunan_dalam pembangunan_pembangunan ibu
15,14,357,14_pressure_overturn democracy_voted overturn_pressure pushed
16,15,322,15_cities_housing_planning_homes
17,16,279,16_digital_tools_architects_digitalis leveraging
18,17,238,17_theme index_teaaecom theme_museum_parks
19,18,213,18_dallas_headquarters_relocate_los angeles
20,19,187,19_hospital_nhs_nhs louisa_worst circumstances
21,20,177,20_habitats_habitats regulations_regulations_biodiversity
22,21,172,21_wsp_wsp global_firm aecom_merger
23,22,171,22_podcast_listen episode_zoe humphries_zoe
24,23,164,23_aecom acm_price target_acm_acm price
25,24,151,24_tunnel_tunneling_underground_tunnelling
26,25,148,25_eis_pebble_clean eis_best business
27,26,146,26_apprenticeship_apprenticeships_apprentices_apprenticeship week
28,27,141,27_consultation_consultation tool_public consultation_virtual public
29,28,140,28_form_filing form_sec filing_aecom sec
30,29,132,29_lindsay goldberg_lew obamas_treasury sec_obamas
31,30,120,30_hyperloop_feasibility study_hyperloop technology_hyperloop feasibility
32,31,117,31_fiscalizar_mineradoras que_governo_governo para
33,32,116,32_recent graduates_graduates skilled_skilled tradespeople_fulfilling careers
34,33,114,33_bridge_howe_gordie howe_international bridge
35,34,112,34_steps termination_ibm steps_termination decide_relationship aecom
36,35,107,35_building_franklin team_building preview_preview franklin
